"","country","year","GFDD.DM.02","GFDD.DM.01","GFDD.SI.03","GFDD.SI.05","GFDD.EI.10","sh.F99100","sh.F99100_fs1","osh.F99100_fs1","sh.F99100_ps","gdp_per","unions_app","imports"
"1","Canada",1990,14.3153,89.759,NA,NA,NA,0.0641536906781804,0.00749185381488305,2.14891540015102,0.0641536906781804,20715.631483174,33.5,25.11576530658
"2","Canada",1991,13.4865,85.6666,NA,NA,NA,0.0618651054529665,0.00893608355869892,2.94048672820846,0.0618651054529665,21448.3619600057,34,25.0102092794052
"3","Canada",1992,11.8859,81.2432,NA,NA,NA,0.0600889508901811,0.00919769684597937,3.3434624115697,0.0600889508901811,21768.3432941828,35.3,24.9597785064919
"4","Canada",1993,12.2821,79.5665,NA,NA,NA,0.06320465490036,0.0117041466775675,4.25322604009389,0.06320465490036,20879.8483300891,35.6,26.6284833223699
"5","Canada",1994,17.6886,88.8188,NA,NA,NA,0.0651864254436226,0.0122010184075558,4.32000919091655,0.0651864254436226,20121.1612532855,35.7,29.2031511882762
"6","Canada",1995,24.2575,97.8832,NA,NA,NA,0.0676498958276646,0.0108308248586577,3.6332854705794,0.0676498958276646,19935.3814579208,34.3,31.7086485616974
"7","Canada",1996,28.1858,103.553,NA,NA,NA,0.0725044452951144,0.0142819652815203,4.61233597290736,0.0725044452951144,20613.7878829216,33.9,33.06899018424
"8","Canada",1997,35.7699,123.856,NA,NA,11.4961,0.0798606071314514,0.0169424761690609,4.91955316752877,0.0798606071314514,21227.3475315896,34.1,33.2704023112565
"9","Canada",1998,46.0091,144.217,NA,NA,8.17389,0.0842561968623516,0.0151061950894383,3.97604379178209,0.0842561968623516,21829.2334443229,32.4,36.3235977431132
"10","Canada",1999,53.4194,160.943,4.2,10.6,4.77589,0.0861867673220894,0.0154494453277405,3.81096338275128,0.0861867673220894,20952.0694643937,32.4,38.1837095044783
"11","Canada",2000,55.5649,187.388,4.7,11.7,6.68707,0.0955072622081465,0.0173979422325523,4.05514813812947,0.0955072622081465,22238.6645356943,31.8,38.3855770973002
"12","Canada",2001,68.6876,150.549,4.7,11.9,-0.719409,0.0946771881752665,0.0181335640644104,4.36645498006377,0.0946771881752665,24190.2496150045,31.2,38.6848309525818
"13","Canada",2002,71.7765,92.6903,4.6,12.3,6.10741,0.0894161314620062,0.0160836450510362,4.07742240550101,0.0894161314620062,23738.180723841,31,36.4325452321559
"14","Canada",2003,59.066,99.1042,4.6,12.4,8.24339,0.0899793789959285,0.0169951213385397,4.35174263262003,0.0899793789959285,24169.2847344718,30.3,35.7752982045513
"15","Canada",2004,56.8611,107.458,4.7,13.4,18.5551,0.093548787045981,0.0189386251437703,4.67599986910231,0.093548787045981,28200.6580773382,30.2,33.0908081710478
"16","Canada",2005,61.3154,105.715,5.6,13.3,17.2264,0.098654853196508,0.021035263037201,5.0122609638784,0.098654853196508,32034.3077408421,30.4,32.976857357275
"17","Canada",2006,72.541,117.871,4.7,12.9,12.5722,0.104067845755961,0.0223686598167732,4.97821315984538,0.104067845755961,36266.1871235853,30.4,33.0079574997812
"18","Canada",2007,85.2841,125.509,4.1,15.4,14.1001,0.10387024229704,0.0222877374209282,4.93756351728817,0.10387024229704,40385.869955477,30.1,32.7452558525727
"19","Canada",2008,104.695,136.714,3.7,14.8,11.9952,0.0956085680805626,0.0184215098429026,4.2693750514482,0.0956085680805626,44543.0410359004,30.2,32.1379546142055
"20","Canada",2009,106.603,105.965,3.5,12.2,12.8819,0.0866805371874321,0.0164006994589907,4.11325774925404,0.0866805371874321,46594.4509535289,29.8,32.7098721477044
"21","Canada",2010,100.119,96.5087,4.5,14.7,10.5606,0.0873105990384934,0.0187045775591611,4.81065003693516,0.0873105990384934,40773.061528975,30.7,30.0344208273121
"22","Canada",2011,89.6539,125.207,4.6593,15.565,23.3329,0.0879268285503823,0.0194364868484718,4.97512774329431,0.0879268285503823,47448.0132198383,30.1,31.1138532402079
"23","Canada",2012,82.7837,117.757,4.89495,15.8858,32.5266,0.0854170141314238,0.0177797387989595,4.61473682105136,0.0854170141314238,52087.446383568,29.8,31.8947953638635
"24","Canada",2013,77.5913,109.235,4.89764,16.1555,19.0147,0.0843863889507064,0.0183214921795729,4.89844485723692,0.0843863889507064,52678.3901234772,29.8,32.2425234169127
"25","Canada",2014,71.9362,112.402,4.96412,14.3298,17.4891,0.086531895097246,0.0198854485684958,5.19780086454705,0.086531895097246,52652.5936828278,29.2,31.8991362329537
"26","Canada",2015,72.447,114.269,4.94325,14.2311,17.4186,0.0916019797603825,0.0210475802006448,5.08773288980878,0.0916019797603825,50893.4467137547,29.3,32.6420862831515
"27","Canada",2016,73.327,110.584,5.06783,14.1979,15.9765,0.0801041343398061,0.0197239482632548,5.45389717508042,0.0801041343398061,43585.5119817751,29.4,34.3149411035338
"28","Canada",2017,72.9138,116.363,5.16056,14.7736,16.9891,0.084155992672187,0.021277576217969,5.66728806077594,0.084155992672187,42322.4847803038,NA,33.8611121122194
"29","Canada",2018,75.0644,134.45,5.22325,14.8137,18.1161,0.0840935927959421,0.0203588312749587,5.39927253585288,0.0840935927959421,45148.5527061655,NA,33.6232145334166
"30","Canada",2019,NA,NA,NA,NA,NA,0.084035433600793,0.019893941194128,5.14853105105867,0.084035433600793,46313.1713712961,NA,34.0360616874474
"31","Czechia",1990,NA,NA,NA,NA,NA,NA,NA,NA,NA,NA,NA,NA
"32","Czechia",1991,NA,NA,NA,NA,NA,NA,NA,NA,NA,NA,NA,NA
"33","Czechia",1992,NA,NA,NA,NA,NA,NA,NA,NA,NA,NA,NA,NA
"34","Czechia",1993,NA,NA,NA,NA,NA,NA,NA,NA,NA,NA,NA,NA
"35","Czechia",1994,0.561846,4.11815,NA,NA,NA,NA,NA,NA,NA,NA,NA,NA
"36","Czechia",1995,1.80727,8.0941,NA,NA,NA,NA,NA,NA,NA,NA,NA,NA
"37","Czechia",1996,3.67726,13.2285,NA,NA,NA,NA,NA,NA,NA,NA,NA,NA
"38","Czechia",1997,6.7032,17.406,NA,NA,13.3473,NA,NA,NA,NA,NA,NA,NA
"39","Czechia",1998,9.05319,18.7963,NA,NA,-2.89379,NA,NA,NA,NA,NA,NA,NA
"40","Czechia",1999,8.00043,16.2561,NA,12,-26.7494,NA,NA,NA,NA,NA,NA,NA
"41","Czechia",2000,6.45263,15.6936,6.3,13.2,-6.09679,NA,NA,NA,NA,NA,NA,NA
"42","Czechia",2001,8.27137,15.7206,5.4,17.4,9.07521,NA,NA,NA,NA,NA,NA,NA
"43","Czechia",2002,7.70979,13.579,5.2,15,16.0547,0.0574842155954949,0.0112118341073545,7.65449926952918,0.0574842155954949,6637.04165713981,23.8,50.1559443005111
"44","Czechia",2003,6.11607,12.1573,5.2,14.3,29.0913,0.056567683597482,0.0105905492767372,7.74470936886022,0.056567683597482,8060.86870292424,22.4,46.3305217203237
"45","Czechia",2004,7.86485,13.782,5.7,14.5,28.8183,0.0566440475510235,0.0112775456770786,8.59292207360321,0.0566440475510235,9818.56849307488,22.3,48.2454810636058
"46","Czechia",2005,11.679,18.5784,5.2,12.5,25.8196,0.0572732195115721,0.0107621480962129,8.1836008178797,0.0572732195115721,11749.8526643577,20.6,56.431120090335
"47","Czechia",2006,19.7257,23.4774,5.4,11.9,22.0701,0.0623970151915112,0.011068093915589,7.65133436656608,0.0623970151915112,13430.6698955613,19.1,59.4847335388564
"48","Czechia",2007,21.2055,26.4196,6,11.4,22.9927,0.0620443391407604,0.00982105250356994,6.14432928654018,0.0620443391407604,15261.7975911138,18.1,62.1529584259566
"49","Czechia",2008,18.4823,31.2467,5.7,11.1,28.2952,0.0661889964946246,0.010941398146957,7.04972373188378,0.0661889964946246,18466.5479299216,17.4,63.6782481196559
"50","Czechia",2009,16.7696,26.763,5.5,11.6,19.888,0.0676871328225641,0.0106105232031124,6.1543164542722,0.0676871328225641,22804.5776774507,16.9,60.7908510312007
"51","Czechia",2010,13.5794,23.6212,6.1,14,24.0907,0.0647595875407368,0.0103939182479669,6.1451496992891,0.0647595875407368,19861.6974295256,16.7,54.4518147241498
"52","Czechia",2011,11.8135,23.2694,6.4864,15.2747,19.531,0.0662772263238588,0.0105730337033576,6.1956114689745,0.0662772263238588,19960.0684872157,16.1,62.4859061276726
"53","Czechia",2012,9.77677,18.7192,6.49172,14.9736,16.8061,0.068038001000151,0.0126294635963362,6.99854929509039,0.068038001000151,21871.2660754128,15.4,67.040951691926
"54","Czechia",2013,8.81945,17.5542,6.87457,15.6217,19.9738,0.0628719329446628,0.00871130199173683,4.9434031484871,0.0628719329446628,19870.8012123403,14.8,70.8826700109956
"55","Czechia",2014,7.17234,NA,7.20862,16.521,16.5352,0.0630599899671702,0.00947545167279581,5.39020071421494,0.0630599899671702,20133.1691431353,13.6,70.3640354339119
"56","Czechia",2015,5.38777,NA,7.30279,16.9825,14.4108,0.0617502583121388,0.00879614370551294,5.28620794357524,0.0617502583121388,19890.9199056648,12.9,75.6207076036768
"57","Czechia",2016,NA,NA,7.52466,17.5731,14.6535,0.061409530330489,0.00842513652311598,5.07401645254895,0.061409530330489,17829.6983223668,12,74.6168853659096
"58","Czechia",2017,NA,NA,7.25731,17.6569,16.4018,NA,NA,NA,NA,NA,NA,NA
"59","Czechia",2018,NA,NA,6.48019,18.0672,18.5774,NA,NA,NA,NA,NA,NA,NA
"60","Denmark",1990,8.22464,28.9118,NA,NA,NA,NA,NA,NA,NA,NA,NA,NA
"61","Denmark",1991,10.2864,31.3065,NA,NA,NA,NA,NA,NA,NA,NA,NA,NA
"62","Denmark",1992,7.75672,29.6815,NA,NA,NA,NA,NA,NA,NA,NA,NA,NA
"63","Denmark",1993,8.46849,26.2729,NA,NA,NA,NA,NA,NA,NA,NA,NA,NA
"64","Denmark",1994,11.936,24.5109,NA,NA,NA,0.0359463800128012,0.00215485178246285,1.7822440820651,0.0359463800128012,27597.9752286357,76.7,29.0387156246129
"65","Denmark",1995,14.811,28.1265,NA,NA,NA,0.0362561976421596,0.00224392374874589,1.85259533654453,0.0362561976421596,29995.5796235479,76.5,30.9285944300639
"66","Denmark",1996,15.0454,29.6907,NA,NA,NA,0.0361069665849017,0.00227330033051651,2.00830006790611,0.0361069665849017,35351.3654606819,75.9,31.9026457360928
"67","Denmark",1997,15.7818,33.4734,NA,NA,16.7682,0.0361285643407995,0.00219988864268699,2.05113195233274,0.0361285643407995,35650.7140860994,76.4,31.4038823862481
"68","Denmark",1998,21.2107,45.0391,NA,NA,14.397,0.0374077639137139,0.00257940376887249,2.28920171414411,0.0374077639137139,32835.9399398833,75.2,33.4056013518683
"69","Denmark",1999,31.198,54.1609,6.3,10.7,14.2236,0.037444120329034,0.00267562800579985,2.40161566724539,0.037444120329034,33368.142415092,76.3,34.1125582027396
"70","Denmark",2000,33.8692,54.2155,6.1,11.1,12.8472,0.0382940108676252,0.00314636834723889,2.76601912227378,0.0382940108676252,33440.7948054204,74.6,33.3487612672171
"71","Denmark",2001,42.0055,59.8123,NA,NA,13.25,0.0385270174256853,0.00335600833993681,3.04145140616095,0.0385270174256853,30743.5476816354,74.5,38.1366854891628
"72","Denmark",2002,46.8104,59.1309,5.9,NA,14.5628,0.0383989003657811,0.00354553468146998,3.14823650374554,0.0383989003657811,30751.654348268,73.9,38.4140819246082
"73","Denmark",2003,28.8675,46.9046,5.7,13.5,15.6006,0.0385582093080158,0.00370053521870935,3.18123433786761,0.0385582093080158,33228.6935448819,73.6,38.852495620333
"74","Denmark",2004,19.1066,49.2464,5.9,13.8,20.423,0.0387569662046682,0.00357390139899886,3.27347294284086,0.0387569662046682,40458.7773986609,72.4,37.0432985323193
"75","Denmark",2005,23.2543,56.9778,5.7,13.4,16.8865,0.0395414480511147,0.0037547020812905,3.39751754058221,0.0395414480511147,46511.5983324305,71.7,38.2793303141397
"76","Denmark",2006,47.2963,62.5294,4.9,11.5,19.4213,0.0407355236989692,0.00427009502756926,3.75936703645802,0.0407355236989692,48799.8256011275,71.5,41.9476153409526
"77","Denmark",2007,58.5429,72.7997,5.7,NA,21.0756,0.0415916460567883,0.00472733502989349,4.05283457091338,0.0415916460567883,52026.9995142723,69.7,46.6366891837203
"78","Denmark",2008,68.1003,83.0217,6.2,10.6,16.0443,0.0424412004436064,0.00471633613502799,3.85408248810708,0.0424412004436064,58487.0549677696,69,48.5853161257883
"79","Denmark",2009,67.6961,61.6847,5.5,12.4,-2.21167,0.0393865274663179,0.00421546446943285,3.84600597622771,0.0393865274663179,64322.0635020842,67.6,50.6524324898078
"80","Denmark",2010,55.199,48.9679,5.5,16.1,-5.24791,0.0461561124306488,0.005809667134358,4.58309815534158,0.0461561124306488,58163.2768762815,67.7,42.6289658299793
"81","Denmark",2011,45.0176,64.4109,5.43221,16.0065,4.63519,0.045660970712102,0.0056752875689894,4.5813508834794,0.045660970712102,58041.3984363385,67.2,43.5770492484191
"82","Denmark",2012,44.5547,62.4303,5.05367,17.1921,1.89753,0.0449710881098297,0.00509700709431489,4.18005850240648,0.0449710881098297,61753.647131977,67.8,47.4256465609762
"83","Denmark",2013,38.4174,61.1841,5.26561,18.8772,4.28434,0.0459391170243781,0.00584802381431907,4.68863154241311,0.0459391170243781,58507.5080517852,68,48.610476322948
"84","Denmark",2014,NA,NA,7.04978,19.2353,5.91612,0.0462579754185187,0.00526568903643507,4.34562485123695,0.0462579754185187,61191.1937042028,67.8,48.2213220971567
"85","Denmark",2015,NA,NA,7.31087,18.2095,4.39539,0.0465655189764327,0.00503810845553362,4.28383029964639,0.0465655189764327,62548.9847332908,67.4,47.6507769059402
"86","Denmark",2016,NA,NA,7.7908,19.7934,8.59722,0.0471180587807842,0.00528827723884974,4.4462161606378,0.0471180587807842,53254.8563700916,67.1,48.6300540046819
"87","Denmark",2017,NA,NA,7.38626,20.7706,11.0564,0.0472753540636384,0.00515858753143011,4.45094118133434,0.0472753540636384,54663.9983719195,65.5,46.7428482622986
"88","Denmark",2018,NA,NA,6.88001,21.711,16.2113,0.0474985594364079,0.0053158894900751,4.54353426055532,0.0474985594364079,57610.0981801136,66.1,47.9020131257278
"89","France",1990,8.32625,26.6375,NA,NA,NA,NA,NA,NA,NA,NA,NA,NA
"90","France",1991,9.95909,28.0181,NA,NA,NA,NA,NA,NA,NA,NA,NA,NA
"91","France",1992,9.54653,26.0454,NA,NA,NA,NA,NA,NA,NA,NA,NA,NA
"92","France",1993,8.89639,25.4082,NA,NA,NA,0.0536639895531242,0.0060869730587384,1.90733957855982,0.0536639895531242,23813.7118417151,10.4,20.6610532607475
"93","France",1994,10.2202,28.8726,NA,NA,NA,0.0561830453406389,0.00732317577119179,2.22507509795996,0.0561830453406389,22380.1039619355,10,19.1125443145592
"94","France",1995,13.2709,33.0062,NA,NA,NA,0.0553174554654538,0.00672665321180525,2.12707537263874,0.0553174554654538,23496.5233222666,9.7,20.1659170058998
"95","France",1996,13.774,31.405,NA,NA,NA,0.0551756795955814,0.00678461513520771,2.1187454706346,0.0551756795955814,26890.2198804535,9.3,21.0232025170056
"96","France",1997,14.857,33.5209,NA,NA,3.11845,0.0559858292113854,0.00746113876602888,2.38855377890269,0.0559858292113854,26871.8290189054,9.2,21.2736750818117
"97","France",1998,21.6819,40.9082,NA,NA,4.66805,0.0574731951082417,0.00788080263001587,2.54731613544807,0.0574731951082417,24228.9423508964,9.2,22.5103014673064
"98","France",1999,33.0679,55.0167,6.4,NA,6.97032,0.0597015870527592,0.00857398584214184,2.74207755674344,0.0597015870527592,24974.2721990005,9.4,23.380274814039
"99","France",2000,43.5594,81.785,6.8,12.7,8.78545,0.0619239287681369,0.00911480080478094,2.87794158337909,0.0619239287681369,24673.1989691744,9.6,23.6843852136939
"100","France",2001,62.5723,100.901,6.7,11.9,10.6463,0.0637038382099762,0.00988692983959978,3.16234721990522,0.0637038382099762,22364.0293943406,9.5,27.2662714690058
"101","France",2002,73.9665,94.0251,6.7,12.1,12.4178,0.0653393159744843,0.0101837077126661,3.21830377619823,0.0653393159744843,22433.5557141945,9.4,26.6934728903914
"102","France",2003,69.3375,74.0833,6.8,11.5,10.5495,0.065133695539179,0.00936676168037958,2.96800931193539,0.065133695539179,24177.3351674642,9.5,25.5409745004028
"103","France",2004,63.8178,68.4685,5.4,11.9,10.4731,0.0657918684972875,0.0104103254762772,3.27356484340357,0.0657918684972875,29568.385949668,9.2,24.6858645485955
"104","France",2005,60.0994,72.2811,5.1,11.5,14.9663,0.0668897465524684,0.0101645477392219,3.11027098621667,0.0668897465524684,33741.2651469175,8.9,25.4561715567725
"105","France",2006,59.2553,75.6973,4.4,11.3,13.2768,0.0676542948773784,0.0109462923854014,3.35335545413144,0.0676542948773784,34760.1877663866,8.6,26.947655734595
"106","France",2007,71.2317,90.8005,4.5,10.9,23.0588,0.069865974476821,0.0130268956496893,3.96966587521131,0.069865974476821,36443.6234414411,8.6,28.16836935943
"107","France",2008,95.4891,101.17,4.1,10.2,4.89755,0.0696671958526966,0.0166076866457482,4.68333192299712,0.0696671958526966,41508.4339850416,8.5,28.5674990728149
"108","France",2009,95.1054,76.1809,3.7,10.5,-13.8498,0.0665800695215858,0.0138467977050498,3.87452033084081,0.0665800695215858,45334.1144358246,8.5,29.2776980294924
"109","France",2010,66.3015,62.0229,4.1,12.4,7.495,0.067197894059406,0.0140578511540405,3.85699841116709,0.067197894059406,41575.4187483737,8.8,25.6269036398058
"110","France",2011,48.7376,71.3354,4.87776,12.6707,9.61158,0.0680526782244793,0.0147327223894771,4.08766075637032,0.0680526782244793,40638.33400426,9,28.0794912416196
"111","France",2012,48.0733,62.3759,4.75358,12.3243,3.38602,0.0669328130313567,0.0138911116349662,3.86016154857871,0.0669328130313567,43790.7320482019,9.1,30.369238945981
"112","France",2013,43.0071,60.4968,5.20127,14.4967,9.81499,0.066857740626753,0.0139065618331091,3.78770889877298,0.066857740626753,40874.7035053457,9.1,30.499031981938
"113","France",2014,39.4163,74.1428,5.8183,15.3844,10.8609,0.0699257032672027,0.0150317182084978,3.60346766747064,0.0699257032672027,42592.9340943342,9,30.3993172078638
"114","France",2015,39.9043,76.9781,5.28241,16.3486,2.71319,0.072951707795586,0.0186254840993844,3.79876657972721,0.072951707795586,43011.2631028417,9,30.8121120215465
"115","France",2016,NA,78.6146,5.79397,17.1002,9.46325,0.0736450480248055,0.0188999825066745,3.93185102171274,0.0736450480248055,36638.184929157,9,31.1590715564548
"116","France",2017,NA,85.6804,5.94149,17.7519,10.9196,0.0736635790728354,0.0183979484858728,3.93322236400133,0.0736635790728354,37037.3741861219,9,30.852605198715
"117","France",2018,NA,95.5836,6.59403,18.9077,13.0012,0.0741855610779474,0.0166978679978942,3.48251539578848,0.0741855610779474,38812.1610341682,8.9,32.0132141063066
"118","France",2019,NA,NA,NA,NA,NA,0.071047244092701,0.0164880869089697,3.6603071291776,0.071047244092701,41631.0907389044,8.8,32.7600397680845
"119","Germany",1990,24.1661,21.5455,NA,NA,NA,0.0339984236009458,0.00114451194910483,0.756277582789252,0.0339984236009458,17764.376445833,32.4,22.9162981574802
"120","Germany",1991,26.873,22.1997,NA,NA,NA,0.0341436378133447,0.00109848982905817,0.735150004680015,0.0341436378133447,22303.9613266628,31.2,23.0277510180834
"121","Germany",1992,32.8161,23.6902,NA,NA,NA,0.0308286793333236,0.00114000479301244,0.937264231209293,0.0308286793333236,23357.757725073,36,24.1524782444192
"122","Germany",1993,21.2274,17.1495,NA,NA,NA,0.031486187289287,0.0012877144127711,1.08620253435808,0.031486187289287,26438.2303888417,33.9,22.6961446717507
"123","Germany",1994,22.8499,18.3491,NA,NA,NA,0.0311143798244952,0.00126008788564532,1.04727708258836,0.0311143798244952,25522.6295733618,31.8,20.2632946672835
"124","Germany",1995,26.055,21.6338,NA,NA,NA,0.0325589720168368,0.00129040251688001,1.01350466225109,0.0325589720168368,27076.60675014,30.4,20.9471728020551
"125","Germany",1996,24.4816,22.1202,NA,NA,NA,0.0314811570992443,0.00134195352835193,1.07944738294451,0.0314811570992443,31658.3493789135,29.2,21.5873979341395
"126","Germany",1997,14.1267,24.3131,NA,NA,10.3401,0.0317643856215081,0.00159626857783597,1.24158183525256,0.0317643856215081,30485.8665482279,27.8,22.1455932715028
"127","Germany",1998,25.1176,31.687,NA,NA,9.88353,NA,0.00174420212519985,NA,NA,26964.0494672673,27,24.282385335135
"128","Germany",1999,54.5101,42.5727,4,11.4,25.7236,0.0380656025772441,0.00170883326255674,1.04954568107808,0.0380656025772441,27289.0593603191,25.9,25.1780661431082
"129","Germany",2000,61.7338,56.3228,4.1,11.5,6.03888,0.0400177851553237,0.00182479070784918,1.05043796624346,0.0400177851553237,26725.9152182573,25.3,26.4066172043428
"130","Germany",2001,75.5585,64.207,4.2,11.7,7.37339,0.0388016982302151,0.0020470100200353,1.18546300532517,0.0388016982302151,23635.9292203977,24.6,30.678349430323
"131","Germany",2002,78.9352,59.1272,4.4,12,4.88046,0.0381721541773599,0.00195929332376516,1.12536440304173,0.0381721541773599,23607.8828553922,23.7,30.2181317720272
"132","Germany",2003,53.9586,43.6808,4.1,12.7,-1.49411,0.0351481064866892,0.00202257463192101,1.26450483925251,0.0351481064866892,25077.7290759602,23.5,28.3423107018725
"133","Germany",2004,41.143,37.9,4.2,12.4,-9.5497,0.0360381026438569,0.00192807618195956,1.1562680545983,0.0360381026438569,30243.5765296979,23,29.0376067680426
"134","Germany",2005,40.7645,42.2135,4,12.4,-1.01909,0.0367908022994251,0.0019807741459372,1.14315828017059,0.0367908022994251,34044.0536341248,22.2,30.5128352456553
"135","Germany",2006,43.0325,41.7784,4.1,12.2,16.138,0.0377972808839086,0.00218790133996787,1.23280150515547,0.0377972808839086,34507.3688142332,21.5,32.8591405884692
"136","Germany",2007,53.9723,47.3483,4.3,12.5,11.6581,0.0384294595394694,0.00266229913891856,1.53288550155482,0.0384294595394694,36323.4477421822,20.6,36.0168212387006
"137","Germany",2008,77.9014,56.4318,4.3,12.9,19.2587,0.0389774287021504,0.00270639808728585,1.56349965346357,0.0389774287021504,41587.2128984264,19.8,36.5516592986738
"138","Germany",2009,102.546,45.0609,4.5,13.6,-12.9361,0.0388794436845671,0.00275334427002774,1.55618829626125,0.0388794436845671,45427.151677489,19,37.7256144732553
"139","Germany",2010,84.1565,34.1965,4.8,14.8,-5.1783,0.0389244156886348,0.00278347369094192,1.61443532448633,0.0389244156886348,41485.9016495139,18.8,33.1088059597748
"140","Germany",2011,46.7099,38.8301,4.3,16.05,2.95001,0.0392030754210398,0.00253071721259458,1.50586893886286,0.0392030754210398,41531.9341978689,18.9,37.3031508345032
"141","Germany",2012,41.8848,35.8319,4.36,16.4,1.63047,0.0385706237038635,0.00226600740580909,1.37437330618692,0.0385706237038635,46644.776027968,18.4,40.148984986412
"142","Germany",2013,38.2488,36.4217,4.73,17.94,6.81952,0.0382969562877474,0.00200789710578246,1.29334445254849,0.0382969562877474,43858.3630551076,18.3,40.2069347359679
"143","Germany",2014,34.6782,46.198,5.45,19.16,4.67976,0.0371413775245987,0.00184865699249094,1.19337496956103,0.0371413775245987,46285.7640688407,18,39.6601988368577
"144","Germany",2015,33.11,47.1282,5.61,17.96,4.08115,0.0394486215538847,0.00182449110832637,1.12273900320338,0.0394486215538847,47959.9932737599,17.7,39.0008300796262
"145","Germany",2016,37.1808,47.0319,5.94,18.26,3.51194,NA,NA,NA,NA,NA,NA,NA
"146","Germany",2017,36.7376,49.0441,5.98,18.79,3.9944,NA,NA,NA,NA,NA,NA,NA
"147","Germany",2018,36.6011,54.2984,6.33,19.38,5.07932,NA,NA,NA,NA,NA,NA,NA
"148","Hungary",1990,NA,NA,NA,NA,NA,NA,NA,NA,NA,NA,NA,NA
"149","Hungary",1991,NA,NA,NA,NA,NA,NA,NA,NA,NA,NA,NA,NA
"150","Hungary",1992,NA,NA,NA,NA,NA,NA,NA,NA,NA,NA,NA,NA
"151","Hungary",1993,0.211365,1.39016,NA,NA,NA,NA,NA,NA,NA,NA,NA,NA
"152","Hungary",1994,0.162326,1.63663,NA,NA,NA,NA,NA,NA,NA,NA,NA,NA
"153","Hungary",1995,0.4004,2.62785,NA,NA,NA,NA,NA,NA,NA,NA,NA,NA
"154","Hungary",1996,0.640075,4.08623,NA,NA,NA,NA,NA,NA,NA,NA,NA,NA
"155","Hungary",1997,2.02508,7.76939,NA,NA,29.9185,NA,NA,NA,NA,NA,NA,NA
"156","Hungary",1998,9.08525,20.1336,NA,NA,22.1603,NA,NA,NA,NA,NA,NA,NA
"157","Hungary",1999,23.3773,28.6058,9.7,16.5,14.0538,NA,NA,NA,NA,NA,NA,NA
"158","Hungary",2000,30.1436,30.0419,9.7,14.9,4.23112,NA,NA,NA,NA,NA,NA,NA
"159","Hungary",2001,26.0664,27.7542,8.3,13.7,17.228,NA,NA,NA,NA,NA,NA,NA
"160","Hungary",2002,16.2014,21.1832,9.3,13.8,20.6954,NA,NA,NA,NA,NA,NA,NA
"161","Hungary",2003,9.7045,18.9772,8.7,13,24.2993,0.0772469980256356,0.0200809111671034,4.04772694990539,0.0772469980256356,6655.33300865319,18.7,60.1831355869059
"162","Hungary",2004,9.72377,18.6312,8.3,11.8,23.9178,0.0832083460322419,0.0243416018929398,4.39746313325317,0.0832083460322419,8421.10331316153,17.7,60.2730161806239
"163","Hungary",2005,11.7308,22.8988,8.5,12.4,28.2506,0.083570871285768,0.0253260395981164,4.25482315225366,0.083570871285768,10285.7936270098,17.45,63.6133144524978
"164","Hungary",2006,16.3285,27.5192,8.2,11.6,24.2669,0.0827624783056033,0.0276198689470893,4.55987985290497,0.0827624783056033,11200.5769496264,17.2,64.9505122617302
"165","Hungary",2007,22.4443,31.4704,NA,11,26.0168,0.0806455706472866,0.0239354400566602,3.51073557291412,0.0806455706472866,11475.8227057093,16.05,74.9985883953804
"166","Hungary",2008,29.7637,34.0779,NA,10.4,21.7846,0.0808787241400895,0.0174629578695071,4.92679491032998,0.0808787241400895,13918.9601910137,14.9,77.4045849464283
"167","Hungary",2009,25.2152,21.958,7.1,12.3,15.7352,0.082794033676038,0.0168931729032016,4.41569036312433,0.082794033676038,15753.4732840195,14.4,78.9195794670057
"168","Hungary",2010,19.6182,17.6019,7.6,13.9,11.0232,0.0806952351362652,0.017507030661756,4.94918077837428,0.0806952351362652,13046.4810081848,13.75,70.3684527450478
"169","Hungary",2011,20.4377,21.9939,8.2,13.8917,3.02625,0.0801166046950659,0.0150457295525684,4.01330250865598,0.0801166046950659,13191.6212644696,13.1,76.0012788325149
"170","Hungary",2012,15.463,17.0247,9.1,13.8152,-9.05136,NA,NA,NA,NA,NA,NA,NA
"171","Hungary",2013,9.95212,14.8903,9.1,16.312,-7.16617,0.0748098703443559,0.0141526237693969,4.23016287729307,0.0748098703443559,12950.6865153085,11.8,79.3488084696012
"172","Hungary",2014,8.14404,15.1625,NA,17.415,-2.32243,0.0734273383937619,0.0124615942150952,3.94881728210074,0.0734273383937619,13687.5140593304,11.1,78.5912775181474
"173","Hungary",2015,6.2995,12.0657,NA,16.9222,-17.6563,0.0729636702352781,0.0128387743517711,4.40488968888306,0.0729636702352781,14267.0121547683,10.2,80.9529866950207
"174","Hungary",2016,5.46713,12.1754,NA,16.9492,4.32739,0.0700867339268343,0.0111006222782353,4.02289391313964,0.0700867339268343,12706.8912148924,9.4,79.6436062498567
"175","Hungary",2017,6.01877,15.8717,NA,17.9738,17.7547,0.0653335009535937,0.00978334999772365,4.18883646459722,0.0653335009535937,13090.5067287853,8.5,77.8159883141343
"176","Hungary",2018,6.58828,19.5801,NA,18.1398,20.1475,NA,NA,NA,NA,NA,NA,NA
"177","Japan",1990,81.6649,127.727,NA,NA,NA,0.0351141114982578,0.010866724738676,6.75670760602953,0.0351141114982578,24813.2993783357,25.9,8.76042246483375
"178","Japan",1991,64.7696,112.252,NA,NA,NA,0.0341322381262199,0.00957791151594014,6.01260941638384,0.0341322381262199,25359.34702031,25.2,9.44298883288122
"179","Japan",1992,37.7453,86.2063,NA,NA,NA,0.0343822499026859,0.00886648501362398,5.24576310682718,0.0343822499026859,28925.0415756881,24.5,8.28787019613317
"180","Japan",1993,21.867,69.966,NA,NA,NA,0.0339239937036204,0.00828873397796267,5.22450105393952,0.0339239937036204,31464.549046228,24.4,7.63772487869044
"181","Japan",1994,18.0175,61.6637,NA,NA,NA,0.0336778693722257,0.0083719086873811,5.24322053389073,0.0336778693722257,35765.9140886748,24.2,6.93602346903134
"182","Japan",1995,21.0299,68.9726,NA,NA,NA,0.0334813485833894,0.00823428272407864,5.39823287527349,0.0334813485833894,39268.5668686204,24.1,7.10082213161643
"183","Japan",1996,21.166,68.347,NA,NA,NA,0.0331411844179239,0.00822712602266757,5.37334459894337,0.0331411844179239,43440.3678678967,23.8,7.7076850527479
"184","Japan",1997,22.5405,62.9754,NA,NA,-7.83805,0.0327000149543891,0.00751383280992971,5.09771844547527,0.0327000149543891,38436.9263119118,23.2,9.0454309367184
"185","Japan",1998,24.0521,54.7391,NA,NA,1.75293,0.0340477598698802,0.00623281201981369,4.09190630795997,0.0340477598698802,35021.7190917159,22.6,9.49188652840768
"186","Japan",1999,24.9076,54.1331,2.4,9.6,-13.7197,0.0332413424050149,0.00682564622735265,4.56395431589555,0.0332413424050149,31902.7670955137,22.4,8.70754147415809
"187","Japan",2000,35.4241,79.5932,4.6,11.9,-27.7588,0.0329503546099291,0.00624851544050433,4.38200712730441,0.0329503546099291,36026.5560750168,22.2,8.39719981726225
"188","Japan",2001,47.3209,80.4366,4.6,11.7,7.25492,0.0333740270380991,0.00605730713314215,4.37113011060882,0.0333740270380991,38532.0408752935,21.5,9.19516770266524
"189","Japan",2002,45.3278,58.8365,3.9,10.8,-0.360574,0.0338491683358007,0.00547032922929548,3.71273473208212,0.0338491683358007,33846.4656414342,20.7,9.56902897677842
"190","Japan",2003,41.0538,51.7552,3.3,9.4,-20.8381,0.0344843486742928,0.00578936166888357,3.93542857453226,0.0344843486742928,32289.3505360726,20.2,9.66739032943129
"191","Japan",2004,47.2674,58.4013,3.9,11.1,-21.0802,0.0353738204693927,0.00505593112751028,3.246471809199,0.0353738204693927,34808.3909176613,19.6,9.94383593192636
"192","Japan",2005,61.8539,69.8628,4.2,11.6,4.99044,0.0357811845522326,0.00566266941191254,3.41713317521529,0.0357811845522326,37688.7223359406,19.2,10.9503241482064
"193","Japan",2006,81.246,84.7512,4.8,12.5,5.90975,0.0362848689771767,0.00630468714370245,4.51485968852029,0.0362848689771767,37217.648727917,18.7,12.5030526614629
"194","Japan",2007,106.26,98.9617,4.8,12.5,15.2751,0.0371054732546793,0.00706206731925841,4.78211342877492,0.0371054732546793,35433.988963743,18.2,14.458879322927
"195","Japan",2008,132.702,98.1964,5.3,13.3,11.775,0.0376782557454331,0.00640146475124169,4.36853574353961,0.0376782557454331,35275.2284312667,18.1,15.6005719141407
"196","Japan",2009,136.887,80.3854,5,11.3,9.36991,0.0395632798573975,0.00565925924420677,3.51735181733542,0.0395632798573975,39339.2975731826,18,16.9749827016931
"197","Japan",2010,102.147,64.4049,4.3,11.2,-1.10635,0.037332838038633,0.00684463278417533,4.55923484762784,0.037332838038633,40855.1756354596,18.4,11.9699857610097
"198","Japan",2011,73.7627,64.611,5.3,13.8892,7.42897,0.0384389373885291,0.00886368447010232,6.01211608423368,0.0384389373885291,44507.6763859172,18.3,13.5762507297335
"199","Japan",2012,73.2641,61.2892,5.1,14.2393,8.60802,0.03778453307393,0.00647077543531128,4.46038202832753,0.03778453307393,48167.9972684965,18,15.4680067601598
"200","Japan",2013,61.9185,55.0323,5.1,14.2494,8.45355,0.0385189884124165,0.0057776053565085,3.49782658859322,0.0385189884124165,48603.4766497749,17.9,16.0913711326959
"201","Japan",2014,85.2199,71.4735,5.59902,15.9061,7.6564,NA,NA,NA,NA,NA,NA,NA
"202","Japan",2015,108.542,88.8581,5.52394,15.2678,8.87575,NA,NA,NA,NA,NA,NA,NA
"203","Japan",2016,112.039,99.649,5.63227,15.9442,7.94057,NA,NA,NA,NA,NA,NA,NA
"204","Japan",2017,115.931,105.5,5.47271,16.1963,6.51338,NA,NA,NA,NA,NA,NA,NA
"205","Japan",2018,111.272,113.055,5.40557,16.6567,7.24727,NA,NA,NA,NA,NA,NA,NA
"206","Netherlands",1990,14.8394,49.2062,NA,NA,NA,NA,NA,NA,NA,NA,NA,NA
"207","Netherlands",1991,15.8693,47.3098,NA,NA,NA,NA,NA,NA,NA,NA,NA,NA
"208","Netherlands",1992,13.0231,43.5885,NA,NA,NA,NA,NA,NA,NA,NA,NA,NA
"209","Netherlands",1993,12.4169,48.4962,NA,NA,NA,NA,NA,NA,NA,NA,NA,NA
"210","Netherlands",1994,13.2462,48.7924,NA,NA,NA,NA,NA,NA,NA,NA,NA,NA
"211","Netherlands",1995,16.9729,54.3198,NA,NA,NA,NA,NA,NA,NA,NA,NA,NA
"212","Netherlands",1996,22.3952,60.0109,NA,NA,NA,NA,NA,NA,NA,NA,NA,NA
"213","Netherlands",1997,31.3518,72.2342,NA,NA,10.5099,NA,NA,NA,NA,NA,NA,NA
"214","Netherlands",1998,47.5762,95.2575,NA,NA,9.80026,NA,NA,NA,NA,NA,NA,NA
"215","Netherlands",1999,74.1449,121.67,5,11.1,12.3215,NA,NA,NA,NA,NA,NA,NA
"216","Netherlands",2000,90.8552,142.98,4.8,10.9,12.9276,NA,NA,NA,NA,NA,NA,NA
"217","Netherlands",2001,121.862,149.667,5.1,10.7,14.569,NA,NA,NA,NA,NA,NA,NA
"218","Netherlands",2002,128.118,132.382,4.8,11.7,9.22564,NA,NA,NA,NA,NA,NA,NA
"219","Netherlands",2003,107.912,99.885,4.7,12,1.35797,NA,NA,NA,NA,NA,NA,NA
"220","Netherlands",2004,102.311,84.5854,4.3,12.3,12.7367,NA,NA,NA,NA,NA,NA,NA
"221","Netherlands",2005,93.6757,82.5567,4.8,12.3,18.0415,NA,NA,NA,NA,NA,NA,NA
"222","Netherlands",2006,90.1999,83.3677,3.1,12.6,23.8905,0.0661763258880252,0.00837751658466988,4.2509590886618,0.0661763258880252,41979.0558457881,22.1,57.1745724591247
"223","Netherlands",2007,102.745,94.346,3,11.9,17.1786,0.0680339527414545,0.0112020308648773,4.80781722760902,0.0680339527414545,44863.3506314287,21.4,59.5910330410267
"224","Netherlands",2008,149.688,107.297,3.3,13.2,10.402,0.0640680183126226,0.00919074078046654,4.35336010621035,0.0640680183126226,51733.4421317965,20.2,61.6824135536282
"225","Netherlands",2009,140.342,75.7602,3.2,11.9,-44.9699,0.0607458540281168,0.00683117649633808,3.45010159207966,0.0607458540281168,57644.4799749353,20,61.2662585483886
"226","Netherlands",2010,85.1799,53.8926,4.3,14.9,-5.79663,0.0622450671530426,0.0102400073329464,3.64953193149196,0.0622450671530426,52514.0271165323,20,54.6525361611415
"227","Netherlands",2011,63.8719,70.9618,4.43316,13.9055,6.96501,0.0644131721956363,0.0101014197866818,3.48248965938626,0.0644131721956363,50950.0343435181,19.5,61.718401657105
"228","Netherlands",2012,61.554,71.9542,4.27947,13.4776,6.55412,0.0622996794871795,0.0100194447435897,3.59740748338594,0.0622996794871795,54159.3466126142,19.3,66.9687049767897
"229","Netherlands",2013,53.8008,71.9453,4.6927,14.2316,5.01997,0.0677783435166327,0.0114130632085879,3.78481179888144,0.0677783435166327,50073.0056559308,18.8,69.765041365094
"230","Netherlands",2014,52.2216,85.6831,4.78392,14.8881,6.50347,0.0670074231177094,0.0104594385493107,3.59774518567174,0.0670074231177094,52184.0618504931,18.2,69.6688535163968
"231","Netherlands",2015,53.8259,90.6454,5.36674,17.9478,7.21608,0.0715379548822658,0.0102234737773753,3.38455740333601,0.0715379548822658,52830.1742328055,18.1,69.4758472809578
"232","Netherlands",2016,NA,91.0986,5.55506,20.1111,10.9355,0.0701014053018205,0.00987297761897158,3.39978941141257,0.0701014053018205,45175.2318933798,17.7,75.1576793312541
"233","Netherlands",2017,NA,97.8537,5.68979,22.3753,10.9523,0.0709703504043127,0.011719080496727,2.99618268492396,0.0709703504043127,46007.8529206547,17.3,69.3234999724707
"234","Netherlands",2018,NA,115.953,6.078,22.0284,16.8155,0.071119971003987,0.0108941043167814,3.33815629231189,0.071119971003987,48675.2223350213,16.8,72.6364431968743
"235","Norway",1990,8.55201,19.6329,NA,NA,NA,NA,NA,NA,NA,NA,NA,NA
"236","Norway",1991,12.2758,22.731,NA,NA,NA,NA,NA,NA,NA,NA,NA,NA
"237","Norway",1992,11.1273,19.5159,NA,NA,NA,NA,NA,NA,NA,NA,NA,NA
"238","Norway",1993,8.56647,15.6766,NA,NA,NA,NA,NA,NA,NA,NA,NA,NA
"239","Norway",1994,10.2418,17.9017,NA,NA,NA,NA,NA,NA,NA,NA,NA,NA
"240","Norway",1995,13.7425,25.1712,NA,NA,NA,0.0352053775565911,0.00300483459557575,2.53516354115174,0.0352053775565911,29315.8419070199,57.8,31.3911615916758
"241","Norway",1996,14.7946,28.1899,NA,NA,NA,0.0349476306378862,0.00331690170993935,2.86643519520405,0.0349476306378862,34875.7043347536,57.3,31.1428891809896
"242","Norway",1997,18.1421,30.7392,NA,NA,22.4489,0.0356979967675753,0.00360435559568024,3.1063572569906,0.0356979967675753,37321.9741993473,56.3,31.1781293141375
"243","Norway",1998,24.2594,36.8047,NA,NA,17.3726,0.0364615737080526,0.00375960269587792,3.39342854122484,0.0364615737080526,36629.0309036621,53.9,32.5053007867945
"244","Norway",1999,26.948,35.4685,6.9,12.4,10.1858,0.037434252082213,0.00441586888584485,3.97704165053967,0.037434252082213,34788.3598518819,53.6,35.1146600090442
"245","Norway",2000,27.2313,33.431,7.1,12,16.0436,0.0383706020097269,0.00505596419689479,4.28156094604167,0.0383706020097269,36371.0509535576,52.9,31.4039230806304
"246","Norway",2001,30.5565,35.7567,7,12.1,17.5304,0.0386884321902606,0.00536399926240645,4.7139662262607,0.0386884321902606,38131.4606116242,52.4,28.9192540485098
"247","Norway",2002,32.4409,38.7586,6.5,12.6,14.5263,0.0383725106463754,0.00483506060716853,4.03014631530352,0.0383725106463754,38542.715099709,51.9,28.3171578962172
"248","Norway",2003,24.5738,36.3823,6.2,12.2,9.31752,0.0375182089480508,0.00376536591256698,3.4956769425149,0.0375182089480508,43084.4724650717,52,27.2372785591015
"249","Norway",2004,19.7793,36.961,5.9,12.4,9.87975,0.0379841419943428,0.00527840569468815,4.45864348408499,0.0379841419943428,50134.8907734947,51.4,26.9226544159214
"250","Norway",2005,27.0126,45.8157,7.6,12.2,12.0743,0.0397614224049077,0.00592591092418585,5.01352370682683,0.0397614224049077,57603.836021826,51,27.9178584648518
"251","Norway",2006,38.4613,54.9428,7.4,11.9,20.2348,0.0433411674922388,0.00739902746079359,5.91416180430894,0.0433411674922388,66810.478520868,50.6,27.4110333384087
"252","Norway",2007,61.6306,68.6332,7,11.2,36.0838,0.0459180664880061,0.00910879107796263,6.90362467960929,0.0459180664880061,74148.3200757187,50.7,27.7112885927419
"253","Norway",2008,88.1221,81.4284,6.4,11.7,24.6186,0.0452732083647162,0.00868029185663084,6.66917514600428,0.0452732083647162,85139.9604469545,49.6,29.8857573463741
"254","Norway",2009,75.319,55.8693,5.9,10.1,14.0062,0.0421152588256561,0.00568118031260616,4.41524595667873,0.0421152588256561,96944.0956064873,49.4,28.9726476646376
"255","Norway",2010,58.4405,46.1994,6,12.8,16.9661,0.0437691023897322,0.00715770537726714,5.4904842514383,0.0437691023897322,79977.6970817492,49.8,27.8191182059897
"256","Norway",2011,49.9184,61.897,6.7,14.1947,19.6719,0.0446787529453314,0.00706140697123287,5.22061287534218,0.0446787529453314,87693.7900658099,50,28.4897157183215
"257","Norway",2012,41.4099,54.0265,6.8,13.595,14.9141,0.0436752556866393,0.00572977312461044,4.32102852437858,0.0436752556866393,100600.562407589,49.3,28.3994280768709
"258","Norway",2013,29.169,44.5707,NA,14.5704,17.6004,0.0429574269073137,0.00544521355308523,4.52043525761828,0.0429574269073137,101524.141851985,49.3,27.5349664800191
"259","Norway",2014,20.6118,48.4217,NA,15.5173,14.8763,0.0435622366582808,0.00622113998004861,5.25808380336545,0.0435622366582808,102913.450843674,49.3,28.3494463445193
"260","Norway",2015,19.3017,46.9052,NA,16.4941,16.1512,0.0419545232226249,0.00557664924613072,5.42115185785373,0.0419545232226249,97019.1827527462,49.7,29.6669271087049
"261","Norway",2016,22.7903,47.3312,NA,18.9377,14.7903,0.0412865779883523,0.00622434785632694,6.24898592046823,0.0412865779883523,74355.5158575643,49.3,32.0573495227516
"262","Norway",2017,26.8021,56.606,NA,22.0722,12.7768,0.0409801988081686,0.00612440218697848,6.11530564570654,0.0409801988081686,70459.1825041029,49.3,33.480388929128
"263","Norway",2018,28.1925,65.4394,NA,NA,13.895,0.0408122153364935,0.00601117437766345,6.26383334221511,0.0408122153364935,75496.7540581998,49.3,32.8314289511808
"264","South Korea",1990,43.63,50.0227,NA,NA,NA,0.040677423912676,0.00717103719730064,2.51124534915675,0.040677423912676,5817.02918132136,18.6,25.5550904754954
"265","South Korea",1991,34.6024,44.619,NA,NA,NA,NA,NA,NA,NA,NA,NA,NA
"266","South Korea",1992,24.1129,31.8229,NA,NA,NA,0.0369299092027871,0.00618508838078461,1.62943191774592,0.0369299092027871,7636.98242937015,15.4,26.0485043988995
"267","South Korea",1993,27.7617,28.6318,NA,NA,NA,0.0354551418368236,0.00667256034589388,1.80308728329397,0.0354551418368236,8126.67038993422,14.6,24.6870370050097
"268","South Korea",1994,41.7976,31.8024,NA,NA,NA,0.0328566259006027,0.0054505334727386,1.50544632533946,0.0328566259006027,8884.92831945455,14,23.2462078175323
"269","South Korea",1995,55.1695,36.7516,NA,NA,NA,0.0325475473083154,0.00603780380243167,1.7604562579734,0.0325475473083154,10385.3361681219,13.3,24.5951471891851
"270","South Korea",1996,44.0474,34.6576,NA,NA,NA,0.0336073984825705,0.00692204906070939,2.01878873448408,0.0336073984825705,12564.7781344586,12.5,26.7397699895283
"271","South Korea",1997,29.8866,26.5366,NA,NA,5.20107,0.0339369929264148,0.00653482800417038,1.85696645135934,0.0339369929264148,13403.049586225,12.1,27.8520014937326
"272","South Korea",1998,28.6465,14.4845,NA,NA,-10.7232,0.0349208901281933,0.00478814291128974,1.18018134098318,0.0349208901281933,12398.4800276705,11.1,29.1775230266763
"273","South Korea",1999,37.4768,19.2303,2.8,8.2,-50.3542,0.0374643752231688,0.0102300296013188,2.60594415859921,0.0374643752231688,8281.69998157684,11.4,28.960790952901
"274","South Korea",2000,97.8648,45.3401,3.9,10.8,-29.3509,0.0395424997133108,0.00711799139560636,1.63824577569804,0.0395424997133108,10672.4179334373,11.7,27.1719308212149
"275","South Korea",2001,116.255,44.1612,4.6,10.5,12.0788,0.0411869435881407,0.011477151984031,3.19283898587217,0.0411869435881407,12256.9935679503,11.4,32.1559911508662
"276","South Korea",2002,76.8287,36.3432,4.8,11.7,10.9053,0.0397160563401384,0.0114850620434773,3.23078360011831,0.0397160563401384,11561.2483689073,11.5,30.4360561697363
"277","South Korea",2003,79.5569,40.6244,7.2,11.2,26.5793,0.0431155020018746,0.0122504859000598,3.47578656115559,0.0431155020018746,13165.0657360554,11.3,28.5802849932838
"278","South Korea",2004,79.0138,43.6937,7,11.1,21.5986,0.040661343086488,0.0097741858352761,2.75944644549518,0.040661343086488,14672.8574703505,10.7,29.7767640156921
"279","South Korea",2005,65.995,50.7653,8,12.1,30.0882,NA,NA,NA,NA,NA,NA,NA
"280","South Korea",2006,99.8842,67.0027,9.3,13,22.8386,0.041905004150032,0.00941017666553653,2.72857939547684,0.041905004150032,19402.5026259549,9.9,33.0417282278992
"281","South Korea",2007,130.645,79.8076,NA,12.8,-1.16096,0.0446401852323436,0.011617991814379,3.48299732563343,0.0446401852323436,21743.4774514254,10,35.0254549142976
"282","South Korea",2008,146.856,88.3203,NA,12.3,17.3489,0.0449768752771994,0.0136723828074016,4.38669126984353,0.0449768752771994,24086.4104391677,10.5,36.4823455972789
"283","South Korea",2009,141.998,72.0324,6.3,12.3,2.15563,0.0422194472259603,0.00809310936984409,2.35766661428042,0.0422194472259603,21350.427979823,10.2,47.8744672251696
"284","South Korea",2010,150.438,68.787,7.3,14.4,5.89527,0.0413620514880373,0.00856461992525942,2.66368173208771,0.0413620514880373,19143.8516053025,9.9,40.9482674584271
"285","South Korea",2011,160.448,92.3336,7.59542,14.3162,17.8502,0.0417167884379994,0.00796852940681314,2.39019674978305,0.0417167884379994,23087.2256438476,9.6,44.2958595844342
"286","South Korea",2012,152.318,89.7224,8.11365,13.9711,14.609,0.0436205308267693,0.00829447932678876,2.5622637283508,0.0436205308267693,25096.2638838239,9.8,52.2285816810148
"287","South Korea",2013,143.165,88.5246,8.23126,14.303,9.55159,NA,NA,NA,NA,NA,NA,NA
"288","South Korea",2014,113.814,94.0605,8.27255,14.474,6.42501,NA,NA,NA,NA,NA,NA,NA
"289","South Korea",2015,95.0656,89.0002,8.13114,13.9965,6.48871,NA,NA,NA,NA,NA,NA,NA
"290","South Korea",2016,110.123,85.6138,NA,NA,5.35073,NA,NA,NA,NA,NA,NA,NA
"291","South Korea",2017,120.237,86.8104,NA,NA,8.16544,NA,NA,NA,NA,NA,NA,NA
"292","South Korea",2018,120.086,100.476,NA,NA,11.1147,NA,NA,NA,NA,NA,NA,NA
"293","Spain",1990,7.89098,25.638,NA,NA,NA,NA,NA,NA,NA,NA,NA,NA
"294","Spain",1991,8.56481,23.9402,NA,NA,NA,NA,NA,NA,NA,NA,NA,NA
"295","Spain",1992,8.06505,22.3379,NA,NA,NA,NA,NA,NA,NA,NA,NA,NA
"296","Spain",1993,6.99582,21.4125,NA,NA,NA,NA,NA,NA,NA,NA,NA,NA
"297","Spain",1994,7.24812,20.2648,NA,NA,NA,NA,NA,NA,NA,NA,NA,NA
"298","Spain",1995,10.612,25.3148,NA,NA,NA,NA,NA,NA,NA,NA,NA,NA
"299","Spain",1996,11.5489,29.299,NA,NA,NA,NA,NA,NA,NA,NA,NA,NA
"300","Spain",1997,13.161,33.5419,NA,NA,8.16037,NA,NA,NA,NA,NA,NA,NA
"301","Spain",1998,23.6466,42.2563,NA,NA,9.56067,NA,NA,NA,NA,NA,NA,NA
"302","Spain",1999,45.4747,55.5862,6.6,12.9,13.7346,NA,NA,NA,NA,NA,NA,NA
"303","Spain",2000,108.84,64.4578,6.4,12.6,12.9852,NA,NA,NA,NA,NA,NA,NA
"304","Spain",2001,206.692,73.5438,8.5,12.4,7.12876,NA,NA,NA,NA,NA,NA,NA
"305","Spain",2002,242.945,76.8529,8.1,12.9,10.7879,NA,NA,NA,NA,NA,NA,NA
"306","Spain",2003,145.058,67.7828,8.2,12.5,8.4915,NA,NA,NA,NA,NA,NA,NA
"307","Spain",2004,63.9544,70.3574,7.3,11.1,9.76608,NA,NA,NA,NA,NA,NA,NA
"308","Spain",2005,71.9164,81.2234,6.7,11,27.7619,NA,NA,NA,NA,NA,NA,NA
"309","Spain",2006,79.4877,82.0857,6.3,12,11.1084,0.0705182133478516,0.00730109994729185,2.9174726924047,0.0705182133478516,26419.2968638221,15.9,29.783028542406
"310","Spain",2007,98.3288,90.5919,6.4,11.9,17.4303,0.0710196600421894,0.0104353401142617,4.43361136440715,0.0710196600421894,28365.3134896346,15.9,30.9358323130671
"311","Spain",2008,131.261,108.906,6.7,11.4,18.334,0.0696809728584576,0.0103343627064925,4.54681570469888,0.0696809728584576,32549.9709785513,16.3,31.7628649449253
"312","Spain",2009,128.529,88.8031,5.9,11.3,13.7209,0.0703320664282546,0.00804980924873656,3.01242746775883,0.0703320664282546,35366.2596011983,17.5,30.3594008693685
"313","Spain",2010,96.7077,77.2955,6.4,12.2,11.1201,0.0723127857783345,0.00969225926263552,3.76829178528564,0.0723127857783345,32042.4740786617,18.3,23.933180152302
"314","Spain",2011,89.8425,88.1693,6.0946,11.8701,8.73155,0.0726596775104656,0.0112066356582826,4.73842057889253,0.0726596775104656,30502.7197080776,18.3,26.9765612109155
"315","Spain",2012,86.3071,75.8892,5.9238,12.1078,-0.388264,0.0717642763349416,0.0112898608066316,4.45485115833803,0.0717642763349416,31636.4463142558,17.9,29.2582088303504
"316","Spain",2013,71.1845,72.6128,5.7565,11.5861,-11.5255,0.0723414125831622,0.0120144204140638,4.78661940511699,0.0723414125831622,28324.4293363918,18.2,29.390097362135
"317","Spain",2014,66.0423,78.3358,6.79162,13.2793,-0.831147,0.070927915524095,0.0108209675896554,4.43156098885316,0.070927915524095,29059.5479522321,17.9,29.033721828239
"318","Spain",2015,69.0397,76.3402,7.24161,13.6827,3.75488,0.0705918414518842,0.00941371537265618,3.84892163587269,0.0705918414518842,29461.5503337389,16.8,30.3830421311466
"319","Spain",2016,75.1705,67.2604,7.44301,14.6595,5.05567,0.0696797415606189,0.0101039483364787,4.4520659141467,0.0696797415606189,25732.0183647454,15.2,30.586122736848
"320","Spain",2017,62.5006,59.4683,7.78872,14.8489,2.40972,0.068995417986334,0.00918887778592249,4.11363027965278,0.068995417986334,26505.3432155204,14.8,29.8925339366516
"321","Spain",2018,50.6278,60.692,7.62,15.55,6.55472,0.0727326502913996,0.00815515014604763,3.68088441011668,0.0727326502913996,28170.1678643302,14.2,31.5431112166883
"322","Sweden",1990,8.37519,49.9278,NA,NA,NA,0.0349435912042394,0.00253360201908056,3.37151002549324,0.0349435912042394,25662.2205892506,84.8,29.4557208877026
"323","Sweden",1991,7.03247,44.3262,NA,NA,NA,0.037944014787489,0.00329960065954828,3.86653511016481,0.037944014787489,30593.6724447761,83.2,27.9010434518526
"324","Sweden",1992,6.7428,35.3214,NA,NA,NA,0.0376467632420585,0.00331485051248792,3.74446186014071,0.0376467632420585,31822.8038482367,85.7,24.994929797052
"325","Sweden",1993,8.84379,31.8595,NA,NA,NA,0.038891993045114,0.00363716877899785,3.9183047610032,0.038891993045114,32800.9826867546,90.5,24.8144936663529
"326","Sweden",1994,14.8641,38.2035,NA,NA,NA,0.0421526569876502,0.00510850945282326,5.12969034621208,0.0421526569876502,24425.2849281118,96.5,27.724689155542
"327","Sweden",1995,28.6056,48.9293,NA,NA,NA,0.0386241662848161,0.00432739111052406,4.79802826928089,0.0386241662848161,26083.6143874838,97.2,30.24332526229
"328","Sweden",1996,37.1202,57.3166,NA,NA,NA,0.0397323568634626,0.00479801080197629,5.23131805055734,0.0397323568634626,30282.9639200066,95.8,31.476426402094
"329","Sweden",1997,41.0207,73.6496,NA,NA,30.8788,0.0405670790985235,0.00528621796460721,5.76647194325512,0.0405670790985235,32998.9681608432,95.1,30.5096415212576
"330","Sweden",1998,50.5054,89.8916,NA,NA,19.4327,0.0416645494248782,0.00605941917540443,6.54874537684355,0.0416645494248782,30312.4875993103,94.7,32.876725041995
"331","Sweden",1999,64.69,99.4198,5,10.4,18.8078,0.0422574286539458,0.00619563302626372,6.64545023063259,0.0422574286539458,30596.5272048832,92.6,34.3193963505124
"332","Sweden",2000,75.0925,118.255,5.5,11.4,23.683,0.0449006867429642,0.00721171303809264,7.44870152718184,0.0449006867429642,30941.0793624668,89.8,34.7869325332723
"333","Sweden",2001,109.745,127.614,NA,9.9,25.5869,0.0456966604193189,0.00809287103896075,8.4739661885441,0.0456966604193189,29624.9126748618,86.6,38.2190734717217
"334","Sweden",2002,133.045,110.45,6.5,7,33.0024,0.0441754371527274,0.00712488137353626,7.31217668562317,0.0441754371527274,27247.857734793,83.2,37.6675449559078
"335","Sweden",2003,95.7428,81.659,5.2,10.4,15.885,0.0430591188082818,0.00607067388876958,6.40405918760491,0.0430591188082818,29899.1952495081,82.7,35.9715602601049
"336","Sweden",2004,63.9488,76.5322,5,10,19.2606,0.0439916008654031,0.00613730795140396,6.31533932665692,0.0439916008654031,37321.7979047059,82.4,34.9198886945354
"337","Sweden",2005,69.1307,91.1861,4.8,10.1,42.2926,0.0452476198006391,0.00653983384726951,6.61282391335416,0.0452476198006391,42821.6731423358,82.4,35.9005071737132
"338","Sweden",2006,111.651,99.4556,4.8,10.1,18.8367,0.0457117409079532,0.00713893586069955,7.09146951296996,0.0457117409079532,43437.0631164776,81,38.7359970795797
"339","Sweden",2007,136.399,116.833,4.9,10,23.9579,0.0467165622679373,0.00843186659841882,8.40024357721142,0.0467165622679373,46593.6021646111,78.4,40.7079804771039
"340","Sweden",2008,174.199,126.604,4.8,10.1,27.3363,0.0466079750204323,0.00839710340787754,8.25011478452193,0.0466079750204323,53700.0053363063,71.9,41.5518218655185
"341","Sweden",2009,160.756,86.654,4.7,10.2,16.6169,0.045047376229122,0.00724677485626496,7.12698094149379,0.045047376229122,56152.552340314,69.4,43.4772275092146
"342","Sweden",2010,109.483,75.3328,5,12.7,19.9048,0.0458395518039337,0.00733900568797387,7.14962538734909,0.0458395518039337,46946.9602719954,70.8,38.0548772330147
"343","Sweden",2011,86.9207,105.756,4.7,12.0034,10.8753,0.0457533001515197,0.0073876034977066,7.3224841209169,0.0457533001515197,52869.0442891587,70.2,39.5695242391316
"344","Sweden",2012,88.2637,99.2636,4,11.4769,14.7185,0.0444389484446612,0.00692980813452762,7.08117015461184,0.0444389484446612,60755.7595508465,68.3,40.5198362082725
"345","Sweden",2013,79.0072,92.8092,4.2,11.7441,13.2021,0.0441848157201748,0.00693703900169237,7.1062549991582,0.0441848157201748,58037.8213192173,68.4,40.2547256461647
"346","Sweden",2014,NA,NA,4.4,11.9557,21.3546,0.0444901363646645,0.00702687743932202,7.13424482150028,0.0444901363646645,61126.9431963979,68,38.2888561427337
"347","Sweden",2015,NA,NA,5.1,22.5048,14.9445,0.045247657354553,0.00713921533648494,7.21524260573304,0.045247657354553,60020.3604576572,67.7,39.6673704457852
"348","Sweden",2016,NA,NA,5.6,24.2208,17.8411,0.0447414904123335,0.00715931562856664,7.45921441498193,0.0447414904123335,51545.4836095322,67.8,39.957046992468
"349","Sweden",2017,NA,NA,NA,26.8171,17.1311,0.0445449072483619,0.00704881615711991,7.44409882369604,0.0445449072483619,51965.1571531985,66.9,39.6291668167222
"350","Sweden",2018,NA,NA,6.12829,26.3788,16.9913,0.0449162665540615,0.00697568577172005,7.22737835383568,0.0449162665540615,53791.5087298403,65.6,41.2000275021437
"351","USA",1990,38.319,54.8156,NA,NA,NA,0.0722404681585464,0.0103693881531312,2.60381502467731,0.106,22857.1544330056,15.9,10.4763381889471
"352","USA",1991,36.9821,54.7137,NA,NA,NA,0.0683772348130361,0.0104890384346395,3.02108738006228,0.10125,23888.6000088133,15.5,10.5603185165409
"353","USA",1992,33.9531,58.9206,NA,NA,NA,0.0658732254127802,0.00935136575975816,2.76645453345706,0.11122,24342.2589048189,15.5,10.1255430017786
"354","USA",1993,35.8844,66.9262,NA,NA,NA,0.0708033308585737,0.012108333768881,3.36701860492174,0.10847,25418.9907763319,15.2,10.2416795967442
"355","USA",1994,43.587,71.6664,NA,NA,NA,0.0758041013488783,0.00770603156023368,1.74689511783099,0.1048,26387.2937338171,15.2,10.4974383102923
"356","USA",1995,48.745,71.5329,NA,NA,NA,0.0747293442415378,0.0101051953099885,2.5526131692222,0.1092,27694.853416234,14.9,11.162311746182
"357","USA",1996,57.9542,79.3958,NA,NA,NA,0.0852621515189059,0.00799161775011784,1.75423341085065,0.11238,28690.8757013347,14.3,11.8141577687958
"358","USA",1997,75.4373,95.9398,NA,NA,24.8101,0.0845194500973235,0.0105085630952735,2.43747861548284,0.11799,29967.7127181749,14,11.9404364259576
"359","USA",1998,94.8418,112.508,NA,NA,25.0701,0.07991921331775,0.0129448203546431,3.04336706890267,0.12187,31459.1389804773,13.6,12.3085665651286
"360","USA",1999,119.179,130.955,8.5,12.2,22.5114,0.0771005060442857,0.0082643389351733,1.84419999328272,0.12748,32853.6769523009,13.4,12.3106298188105
"361","USA",2000,161.614,144.12,8.4,12.2,26.3251,0.0828093436436476,0.0114579867053654,2.5330733576287,0.13396,34513.5615037271,13.4,12.9649624762195
"362","USA",2001,237.632,146.656,8.5,12.4,20.9678,0.0839707407095984,0.00938191258852012,1.96623547460378,0.12389,36334.9087770589,12.9,14.3509112638306
"363","USA",2002,242.084,138.855,9,12.9,18.9927,0.0956758393860352,0.0152351576419423,2.87320545825918,0.11701,37133.2428088526,12.9,13.1599745213201
"364","USA",2003,174.715,115.334,9.2,13,20.5767,0.0952716336037094,0.0119157446206134,2.08140057774136,0.11801,38023.1611144021,12.8,13.022022958046
"365","USA",2004,145.557,111.191,9.2,13,22.0653,0.0891071274732842,0.0106755013776877,1.94731039762017,0.12521,39496.4858751381,12.4,13.434030697806
"366","USA",2005,144.939,126.183,10.3,13.2,19.4584,0.0874361736748701,0.0120851880635626,2.35891972567483,0.1295,41712.8010675545,12,14.7105439982785
"367","USA",2006,173.353,128.954,10.3,12.9,18.7714,0.0854913770946426,0.0126345831604429,2.47806669368393,0.13251,44114.7477810544,12,15.5440202709345
"368","USA",2007,206.196,133.784,10.5,13,18.2267,0.087218879836231,0.0135850464345503,2.64574135572142,0.13731,46298.7314440927,11.5,16.2403265120172
"369","USA",2008,255.07,137.606,10.3,12.8,12.4501,0.0836819800465758,0.0130711916629851,2.64871769565289,0.12958,47975.9676958038,11.6,16.4634878920034
"370","USA",2009,313.716,109.74,9.3,12.8,1.60794,0.0903231297187677,0.0117782490690309,2.21013459021877,0.12138,48382.5584490552,11.9,17.4007349318961
"371","USA",2010,284.782,92.7631,12.4,13.9,2.2042,0.0950099423092266,0.0150888807618045,2.75948220412328,0.12951,47099.9804711343,11.8,13.6926857960849
"372","USA",2011,235.064,108.121,12.7393,14.7891,8.50402,0.0946769205830306,0.0104761342116574,1.80460338223914,0.13117,48467.5157769259,11.4,15.7428942052039
"373","USA",2012,250.552,107.214,12.2289,14.6852,10.7579,0.108537070325972,0.0141603715855804,2.14373487675688,0.13728,49886.8181094923,11.3,17.2587550423633
"374","USA",2013,228.769,106.749,11.9634,14.5066,12.4204,0.121524390749104,0.0107826477859416,1.34051676853412,0.13115,51610.6052783379,10.8,17.0392649736644
"375","USA",2014,196.774,127.992,11.776,14.405,13.5739,0.114446484445287,0.0104405214113122,1.41731950163448,0.13459,53117.6678498178,10.8,16.4684827830252
"376","USA",2015,208.51,145.424,11.6566,14.3854,13.1018,0.106937067022194,0.0129857480369057,1.94626034551581,0.13304,55064.7445483427,10.7,16.4279974222036
"377","USA",2016,221.818,141.876,11.7111,14.1374,13.3223,0.106529483705105,0.0127463169128835,1.98544659395962,0.12818,56839.3817742317,10.6,15.3222402546683
"378","USA",2017,224.061,140.661,11.5855,14.1911,13.398,NA,NA,NA,NA,NA,NA,NA
"379","USA",2018,211.115,153.211,11.65,14.533,13.6399,NA,NA,NA,NA,NA,NA,NA
